Workbook

Sheet Case Study
A6: Case Study: Inventory Design and Simulation
A8: Mug Life, is a coffee chain with 5 stores located in Delhi
A9: Apart from various food and beverages on their menu, they are famous for their brewed coffee
A10: They offer coffee to their customers in 3 cup sizes : Large, Medium and Small
A12: Coffee Cup Size | B12: Volume (ml)
A13: Large | B13: 400
A14: Medium | B14: 300
A15: Small | B15: 200
A18: One of the key ingredients of Coffee is the Coffee Beans
A19: Mug Life follows a 1:16 Coffee to Water ratio
A20: This translates into
A21: 1gm of Coffee bean required for 16ml of Coffee
A22: Or For every 1ml of Coffee, Coffee beans required = 0.0625 gms
A24: Of late, Mug Life's Store 4 has been running out of stock for coffee beans on some occassions resulting in both loss of sales
A25: as well as its reputation
A26: Mug Life's Supply Chain department wants to Design an Inventory Strategy for Coffee beans for Store 4
A27: They want to test this strategy over next 2 months before replicating the same across all its stores
A29: Mug Life has a POS System in place which captures Demand accurately for all SKUs
A30: Their Supply Chain team has collated the Sales data for the month of Jan 2026 across all Stores
A32: Apart from the Sales data, they have also collated other details related to Coffee Beans
A34: Cost of Coffee Beans | B34: INR 1000/Kg
A35: Ordering Cost | B35: INR 500 per Order
A36: Inventory Holding Cost | B36: 20% p.a.
A39: As a Supply Chain Head, you want to assess the following
A40: a. Design the Inventory Strategy for Coffee Beans for Store 4
A41: b. Test the impact of this strategy through Simulation before implementation

Sheet Data
A2: Demand Data
A3: Date | B3: SKU | C3: Location | D3: Demand
A4: 46023 | B4: Large | C4: Store1 | D4: 83
A5: 46024 | B5: Large | C5: Store1 | D5: 63
A6: 46025 | B6: Large | C6: Store1 | D6: 54
A7: 46026 | B7: Large | C7: Store1 | D7: 99
A8: 46027 | B8: Large | C8: Store1 | D8: 52
A9: 46028 | B9: Large | C9: Store1 | D9: 101
A10: 46029 | B10: Large | C10: Store1 | D10: 85
A11: 46030 | B11: Large | C11: Store1 | D11: 75
A12: 46031 | B12: Large | C12: Store1 | D12: 94
A13: 46032 | B13: Large | C13: Store1 | D13: 28
A14: 46033 | B14: Large | C14: Store1 | D14: 72
A15: 46034 | B15: Large | C15: Store1 | D15: 63
... A468: 46053 | B468: Small | C468: Store5 | D468: 109

Sheet Design
A2: Size (ml) | B2: 400 | C2: 300 | D2: 200 | G2: 0.0625
A3: Date | B3: Large | C3: Medium | D3: Small | E3: Total | F3: Wt Avg Coffee Size | G3: Coffee Beans (Demand-Kg)
A4: 46023 | B4: 53 | C4: 554 | D4: 112 | E4: 719 | F4: =SUMPRODUCT(B4:D4,$B$2:$D$2)/E4 -> 291.79416 | G4: =E4*F4*$G$2/1000 -> 13.1125
A5: 46024 | B5: 79 | C5: 614 | D5: 251 | E5: 944 | F5: =SUMPRODUCT(B5:D5,$B$2:$D$2)/E5 -> 281.77966 | G5: =E5*F5*$G$2/1000 -> 16.625
A6: 46025 | B6: 54 | C6: 528 | D6: 181 | E6: 763 | F6: =SUMPRODUCT(B6:D6,$B$2:$D$2)/E6 -> 283.35518 | G6: =E6*F6*$G$2/1000 -> 13.5125
A7: 46026 | B7: 40 | C7: 455 | D7: 253 | E7: 748 | F7: =SUMPRODUCT(B7:D7,$B$2:$D$2)/E7 -> 271.52406 | G7: =E7*F7*$G$2/1000 -> 12.69375
A8: 46027 | B8: 33 | C8: 304 | D8: 199 | E8: 536 | F8: =SUMPRODUCT(B8:D8,$B$2:$D$2)/E8 -> 269.02985 | G8: =E8*F8*$G$2/1000 -> 9.0125
A9: 46028 | B9: 36 | C9: 265 | D9: 104 | E9: 405 | F9: =SUMPRODUCT(B9:D9,$B$2:$D$2)/E9 -> 283.20988 | G9: =E9*F9*$G$2/1000 -> 7.16875
A10: 46029 | B10: 70 | C10: 702 | D10: 286 | E10: 1058 | F10: =SUMPRODUCT(B10:D10,$B$2:$D$2)/E10 -> 279.58412 | G10: =E10*F10*$G$2/1000 -> 18.4875
A11: 46030 | B11: 51 | C11: 480 | D11: 128 | E11: 659 | F11: =SUMPRODUCT(B11:D11,$B$2:$D$2)/E11 -> 288.31563 | G11: =E11*F11*$G$2/1000 -> 11.875
A12: 46031 | B12: 49 | C12: 377 | D12: 239 | E12: 665 | F12: =SUMPRODUCT(B12:D12,$B$2:$D$2)/E12 -> 271.42857 | G12: =E12*F12*$G$2/1000 -> 11.28125
A13: 46032 | B13: 80 | C13: 769 | D13: 138 | E13: 987 | F13: =SUMPRODUCT(B13:D13,$B$2:$D$2)/E13 -> 294.12361 | G13: =E13*F13*$G$2/1000 -> 18.14375
A14: 46033 | B14: 115 | C14: 585 | D14: 126 | E14: 826 | F14: =SUMPRODUCT(B14:D14,$B$2:$D$2)/E14 -> 298.66828 | G14: =E14*F14*$G$2/1000 -> 15.41875
A15: 46034 | B15: 49 | C15: 788 | D15: 261 | E15: 1098 | F15: =SUMPRODUCT(B15:D15,$B$2:$D$2)/E15 -> 280.69217 | G15: =E15*F15*$G$2/1000 -> 19.2625
... A34: 46053 | B34: 104 | C34: 566 | D34: 267 | E34: 937 | F34: =SUMPRODUCT(B34:D34,$B$2:$D$2)/E34 -> 282.60406 | G34: =E34*F34*$G$2/1000 -> 16.55
A36: Average | G36: =AVERAGE(G4:G34) -> 13.776008
A37: Std Dev | G37: =_xlfn.STDEV.P(G4:G34) -> 3.2459746
A39: CSL | G39: 0.95
A40: k | G40: =_xlfn.NORM.S.INV(G39) -> 1.6448536
A42: LT (Days) | G42: 2
A44: Demand Over Lead Time
A45: Demand | G45: =G36*G42 -> 27.552016
A46: Std Dev | G46: =SQRT(G37^2*G42) -> 4.5905013
A48: s | G48: =CEILING((G45+G40*G46),10) -> 40
A49: Q | G49: =CEILING(SQRT(2*G51*G52/G55),10) -> 160
A51: Ct | G51: 500
A52: D | G52: =G36*365 -> 5028.2429
A53: C | G53: 1000
A54: h | G54: 0.2
A55: Ce | G55: =G53*G54 -> 200
A57: G(k) =𝑁𝑂𝑅𝑀𝐷𝐼𝑆𝑇(𝑘,0,1,0)−𝑘∗(1−𝑁𝑂𝑅𝑀𝑆𝐷𝐼𝑆𝑇(𝑘))
A59: G(k) | G59: =NORMDIST(G40,0,1,0)-G40*(1-NORMSDIST(G40)) -> 0.020892959
A60: E(US) | G60: =G46*G59 -> 0.095909155
A62: IFR | G62: =1-(G60/G49) -> 0.99940057
A65: Inventory Strategy
A66: Order 160 Kg of Coffee Beans when Inventory Level reaches 40 Kg

Sheet Simulation
H1: Date | I1: Inventory | J1: Random Demand | K1: Sales | L1: Re-Order | M1: Order Received | N1: Lost Sales | O1: Service Level | Q1: Order Received
H2: 46054 | I2: =B3 -> 10 | J2: =ROUND(MIN(MAX(_xlfn.NORM.INV(RAND(),C$7,C$8),C$5),C$6),0) -> 11 | K2: =MIN(I2,J2) -> 10 | L2: =IF(I2-K2<B$11,B$12,0) -> 160 | N2: =J2-K2 -> 1 | O2: =IF(J2=0,1,K2/J2) -> 0.90909091
A3: Initial Stock | B3: 10 | H3: 46055 | I3: =I2-K2+M3 -> 0 | J3: =ROUND(MIN(MAX(_xlfn.NORM.INV(RAND(),C$7,C$8),C$5),C$6),0) -> 13 | K3: =MIN(I3,J3) -> 0 | L3: =IF(I3-K3+L2<B$11,B$12,0) -> 0 | N3: =J3-K3 -> 13 | O3: =IF(J3=0,1,K3/J3) -> 0
A4: Demand | B4: Random | H4: 46056 | I4: =I3-K3+M4 -> 160 | J4: =ROUND(MIN(MAX(_xlfn.NORM.INV(RAND(),C$7,C$8),C$5),C$6),0) -> 11 | K4: =MIN(I4,J4) -> 11 | L4: =IF(I4-K4+L3<B$11,B$12,0) -> 0 | M4: =OFFSET(L4,$B$14*-1,0) -> 160 | N4: =J4-K4 -> 0 | O4: =IF(J4=0,1,K4/J4) -> 1 | Q4: =OFFSET(L4,-2,0) -> 160
B5: Min | C5: 5 | H5: 46057 | I5: =I4-K4+M5 -> 149 | J5: =ROUND(MIN(MAX(_xlfn.NORM.INV(RAND(),C$7,C$8),C$5),C$6),0) -> 19 | K5: =MIN(I5,J5) -> 19 | L5: =IF(I5-K5+L4<B$11,B$12,0) -> 0 | M5: =OFFSET(L5,$B$14*-1,0) -> 0 | N5: =J5-K5 -> 0 | O5: =IF(J5=0,1,K5/J5) -> 1 | Q5: =OFFSET(L5,-2,0) -> 0
B6: Max | C6: 20 | H6: 46058 | I6: =I5-K5+M6 -> 130 | J6: =ROUND(MIN(MAX(_xlfn.NORM.INV(RAND(),C$7,C$8),C$5),C$6),0) -> 15 | K6: =MIN(I6,J6) -> 15 | L6: =IF(I6-K6+L5<B$11,B$12,0) -> 0 | M6: =OFFSET(L6,$B$14*-1,0) -> 0 | N6: =J6-K6 -> 0 | O6: =IF(J6=0,1,K6/J6) -> 1 | Q6: =OFFSET(L6,-2,0) -> 0
B7: Mean | C7: =Design!G36 -> 13.776008 | H7: 46059 | I7: =I6-K6+M7 -> 115 | J7: =ROUND(MIN(MAX(_xlfn.NORM.INV(RAND(),C$7,C$8),C$5),C$6),0) -> 11 | K7: =MIN(I7,J7) -> 11 | L7: =IF(I7-K7+L6<B$11,B$12,0) -> 0 | M7: =OFFSET(L7,$B$14*-1,0) -> 0 | N7: =J7-K7 -> 0 | O7: =IF(J7=0,1,K7/J7) -> 1 | Q7: =OFFSET(L7,-2,0) -> 0
B8: StDev | C8: =Design!G37 -> 3.2459746 | H8: 46060 | I8: =I7-K7+M8 -> 104 | J8: =ROUND(MIN(MAX(_xlfn.NORM.INV(RAND(),C$7,C$8),C$5),C$6),0) -> 5 | K8: =MIN(I8,J8) -> 5 | L8: =IF(I8-K8+L7<B$11,B$12,0) -> 0 | M8: =OFFSET(L8,$B$14*-1,0) -> 0 | N8: =J8-K8 -> 0 | O8: =IF(J8=0,1,K8/J8) -> 1 | Q8: =OFFSET(L8,-2,0) -> 0
H9: 46061 | I9: =I8-K8+M9 -> 99 | J9: =ROUND(MIN(MAX(_xlfn.NORM.INV(RAND(),C$7,C$8),C$5),C$6),0) -> 14 | K9: =MIN(I9,J9) -> 14 | L9: =IF(I9-K9+L8<B$11,B$12,0) -> 0 | M9: =OFFSET(L9,$B$14*-1,0) -> 0 | N9: =J9-K9 -> 0 | O9: =IF(J9=0,1,K9/J9) -> 1 | Q9: =OFFSET(L9,-2,0) -> 0
H10: 46062 | I10: =I9-K9+M10 -> 85 | J10: =ROUND(MIN(MAX(_xlfn.NORM.INV(RAND(),C$7,C$8),C$5),C$6),0) -> 18 | K10: =MIN(I10,J10) -> 18 | L10: =IF(I10-K10+L9<B$11,B$12,0) -> 0 | M10: =OFFSET(L10,$B$14*-1,0) -> 0 | N10: =J10-K10 -> 0 | O10: =IF(J10=0,1,K10/J10) -> 1 | Q10: =OFFSET(L10,-2,0) -> 0
A11: s | B11: =Design!G48 -> 40 | H11: 46063 | I11: =I10-K10+M11 -> 67 | J11: =ROUND(MIN(MAX(_xlfn.NORM.INV(RAND(),C$7,C$8),C$5),C$6),0) -> 6 | K11: =MIN(I11,J11) -> 6 | L11: =IF(I11-K11+L10<B$11,B$12,0) -> 0 | M11: =OFFSET(L11,$B$14*-1,0) -> 0 | N11: =J11-K11 -> 0 | O11: =IF(J11=0,1,K11/J11) -> 1 | Q11: =OFFSET(L11,-2,0) -> 0
A12: Q | B12: =Design!G49 -> 160 | H12: 46064 | I12: =I11-K11+M12 -> 61 | J12: =ROUND(MIN(MAX(_xlfn.NORM.INV(RAND(),C$7,C$8),C$5),C$6),0) -> 12 | K12: =MIN(I12,J12) -> 12 | L12: =IF(I12-K12+L11<B$11,B$12,0) -> 0 | M12: =OFFSET(L12,$B$14*-1,0) -> 0 | N12: =J12-K12 -> 0 | O12: =IF(J12=0,1,K12/J12) -> 1 | Q12: =OFFSET(L12,-2,0) -> 0
H13: 46065 | I13: =I12-K12+M13 -> 49 | J13: =ROUND(MIN(MAX(_xlfn.NORM.INV(RAND(),C$7,C$8),C$5),C$6),0) -> 14 | K13: =MIN(I13,J13) -> 14 | L13: =IF(I13-K13+L12<B$11,B$12,0) -> 160 | M13: =OFFSET(L13,$B$14*-1,0) -> 0 | N13: =J13-K13 -> 0 | O13: =IF(J13=0,1,K13/J13) -> 1 | Q13: =OFFSET(L13,-2,0) -> 0
A14: LT (Days) | B14: =Design!G42 -> 2 | H14: 46066 | I14: =I13-K13+M14 -> 35 | J14: =ROUND(MIN(MAX(_xlfn.NORM.INV(RAND(),C$7,C$8),C$5),C$6),0) -> 9 | K14: =MIN(I14,J14) -> 9 | L14: =IF(I14-K14+L13<B$11,B$12,0) -> 0 | M14: =OFFSET(L14,$B$14*-1,0) -> 0 | N14: =J14-K14 -> 0 | O14: =IF(J14=0,1,K14/J14) -> 1 | Q14: =OFFSET(L14,-2,0) -> 0
H15: 46067 | I15: =I14-K14+M15 -> 186 | J15: =ROUND(MIN(MAX(_xlfn.NORM.INV(RAND(),C$7,C$8),C$5),C$6),0) -> 13 | K15: =MIN(I15,J15) -> 13 | L15: =IF(I15-K15+L14<B$11,B$12,0) -> 0 | M15: =OFFSET(L15,$B$14*-1,0) -> 160 | N15: =J15-K15 -> 0 | O15: =IF(J15=0,1,K15/J15) -> 1 | Q15: =OFFSET(L15,-2,0) -> 160
H16: 46068 | I16: =I15-K15+M16 -> 173 | J16: =ROUND(MIN(MAX(_xlfn.NORM.INV(RAND(),C$7,C$8),C$5),C$6),0) -> 15 | K16: =MIN(I16,J16) -> 15 | L16: =IF(I16-K16+L15<B$11,B$12,0) -> 0 | M16: =OFFSET(L16,$B$14*-1,0) -> 0 | N16: =J16-K16 -> 0 | O16: =IF(J16=0,1,K16/J16) -> 1 | Q16: =OFFSET(L16,-2,0) -> 0
H17: 46069 | I17: =I16-K16+M17 -> 158 | J17: =ROUND(MIN(MAX(_xlfn.NORM.INV(RAND(),C$7,C$8),C$5),C$6),0) -> 13 | K17: =MIN(I17,J17) -> 13 | L17: =IF(I17-K17+L16<B$11,B$12,0) -> 0 | M17: =OFFSET(L17,$B$14*-1,0) -> 0 | N17: =J17-K17 -> 0 | O17: =IF(J17=0,1,K17/J17) -> 1 | Q17: =OFFSET(L17,-2,0) -> 0
H18: 46070 | I18: =I17-K17+M18 -> 145 | J18: =ROUND(MIN(MAX(_xlfn.NORM.INV(RAND(),C$7,C$8),C$5),C$6),0) -> 15 | K18: =MIN(I18,J18) -> 15 | L18: =IF(I18-K18+L17<B$11,B$12,0) -> 0 | M18: =OFFSET(L18,$B$14*-1,0) -> 0 | N18: =J18-K18 -> 0 | O18: =IF(J18=0,1,K18/J18) -> 1 | Q18: =OFFSET(L18,-2,0) -> 0
H19: 46071 | I19: =I18-K18+M19 -> 130 | J19: =ROUND(MIN(MAX(_xlfn.NORM.INV(RAND(),C$7,C$8),C$5),C$6),0) -> 13 | K19: =MIN(I19,J19) -> 13 | L19: =IF(I19-K19+L18<B$11,B$12,0) -> 0 | M19: =OFFSET(L19,$B$14*-1,0) -> 0 | N19: =J19-K19 -> 0 | O19: =IF(J19=0,1,K19/J19) -> 1 | Q19: =OFFSET(L19,-2,0) -> 0
H20: 46072 | I20: =I19-K19+M20 -> 117 | J20: =ROUND(MIN(MAX(_xlfn.NORM.INV(RAND(),C$7,C$8),C$5),C$6),0) -> 13 | K20: =MIN(I20,J20) -> 13 | L20: =IF(I20-K20+L19<B$11,B$12,0) -> 0 | M20: =OFFSET(L20,$B$14*-1,0) -> 0 | N20: =J20-K20 -> 0 | O20: =IF(J20=0,1,K20/J20) -> 1 | Q20: =OFFSET(L20,-2,0) -> 0
H21: 46073 | I21: =I20-K20+M21 -> 104 | J21: =ROUND(MIN(MAX(_xlfn.NORM.INV(RAND(),C$7,C$8),C$5),C$6),0) -> 14 | K21: =MIN(I21,J21) -> 14 | L21: =IF(I21-K21+L20<B$11,B$12,0) -> 0 | M21: =OFFSET(L21,$B$14*-1,0) -> 0 | N21: =J21-K21 -> 0 | O21: =IF(J21=0,1,K21/J21) -> 1 | Q21: =OFFSET(L21,-2,0) -> 0
H22: 46074 | I22: =I21-K21+M22 -> 90 | J22: =ROUND(MIN(MAX(_xlfn.NORM.INV(RAND(),C$7,C$8),C$5),C$6),0) -> 17 | K22: =MIN(I22,J22) -> 17 | L22: =IF(I22-K22+L21<B$11,B$12,0) -> 0 | M22: =OFFSET(L22,$B$14*-1,0) -> 0 | N22: =J22-K22 -> 0 | O22: =IF(J22=0,1,K22/J22) -> 1 | Q22: =OFFSET(L22,-2,0) -> 0
H23: 46075 | I23: =I22-K22+M23 -> 73 | J23: =ROUND(MIN(MAX(_xlfn.NORM.INV(RAND(),C$7,C$8),C$5),C$6),0) -> 11 | K23: =MIN(I23,J23) -> 11 | L23: =IF(I23-K23+L22<B$11,B$12,0) -> 0 | M23: =OFFSET(L23,$B$14*-1,0) -> 0 | N23: =J23-K23 -> 0 | O23: =IF(J23=0,1,K23/J23) -> 1 | Q23: =OFFSET(L23,-2,0) -> 0
H24: 46076 | I24: =I23-K23+M24 -> 62 | J24: =ROUND(MIN(MAX(_xlfn.NORM.INV(RAND(),C$7,C$8),C$5),C$6),0) -> 13 | K24: =MIN(I24,J24) -> 13 | L24: =IF(I24-K24+L23<B$11,B$12,0) -> 0 | M24: =OFFSET(L24,$B$14*-1,0) -> 0 | N24: =J24-K24 -> 0 | O24: =IF(J24=0,1,K24/J24) -> 1 | Q24: =OFFSET(L24,-2,0) -> 0
H25: 46077 | I25: =I24-K24+M25 -> 49 | J25: =ROUND(MIN(MAX(_xlfn.NORM.INV(RAND(),C$7,C$8),C$5),C$6),0) -> 11 | K25: =MIN(I25,J25) -> 11 | L25: =IF(I25-K25+L24<B$11,B$12,0) -> 160 | M25: =OFFSET(L25,$B$14*-1,0) -> 0 | N25: =J25-K25 -> 0 | O25: =IF(J25=0,1,K25/J25) -> 1 | Q25: =OFFSET(L25,-2,0) -> 0
H26: 46078 | I26: =I25-K25+M26 -> 38 | J26: =ROUND(MIN(MAX(_xlfn.NORM.INV(RAND(),C$7,C$8),C$5),C$6),0) -> 20 | K26: =MIN(I26,J26) -> 20 | L26: =IF(I26-K26+L25<B$11,B$12,0) -> 0 | M26: =OFFSET(L26,$B$14*-1,0) -> 0 | N26: =J26-K26 -> 0 | O26: =IF(J26=0,1,K26/J26) -> 1 | Q26: =OFFSET(L26,-2,0) -> 0
... H60: 46112 | I60: =I59-K59+M60 -> 37 | J60: =ROUND(MIN(MAX(_xlfn.NORM.INV(RAND(),C$7,C$8),C$5),C$6),0) -> 8 | K60: =MIN(I60,J60) -> 8 | L60: =IF(I60-K60+L59<B$11,B$12,0) -> 0 | M60: =OFFSET(L60,$B$14*-1,0) -> 0 | N60: =J60-K60 -> 0 | O60: =IF(J60=0,1,K60/J60) -> 1 | Q60: =OFFSET(L60,-2,0) -> 0
H61: Total | J61: =SUM(J2:J60) -> 795 | K61: =SUM(K2:K60) -> 781 | L61: =SUM(L2:L60) -> 960 | N61: =SUM(N2:N60) -> 14 | O61: =IF(J61=0,1,K61/J61) -> 0.98238994
H63: Order Count | L63: =COUNTIF(L2:L60,B12) -> 6
H64: Units Short | L64: =N61 -> 14
H65: IFR | L65: =1-L64/J61 -> 0.98238994
H68: CSL | I68: 0.8 | J68: 0.85 | K68: 0.9 | L68: 0.95 | M68: 0.99
H69: k | I69: =_xlfn.NORM.S.INV(I68) -> 0.84162123 | J69: =_xlfn.NORM.S.INV(J68) -> 1.0364334 | K69: =_xlfn.NORM.S.INV(K68) -> 1.2815516 | L69: =_xlfn.NORM.S.INV(L68) -> 1.6448536 | M69: =_xlfn.NORM.S.INV(M68) -> 2.3263479
H70: G(k) | I70: =NORMDIST(I69,0,1,0)-I69*(1-NORMSDIST(I69)) -> 0.11163767 | J70: =NORMDIST(J69,0,1,0)-J69*(1-NORMSDIST(J69)) -> 0.077693767 | K70: =NORMDIST(K69,0,1,0)-K69*(1-NORMSDIST(K69)) -> 0.047343175 | L70: =NORMDIST(L69,0,1,0)-L69*(1-NORMSDIST(L69)) -> 0.020892959 | M70: =NORMDIST(M69,0,1,0)-M69*(1-NORMSDIST(M69)) -> 0.0033886635
H71: E(US) | I71: =I70*$C$8 -> 0.36237305 | J71: =J70*$C$8 -> 0.25219199 | K71: =K70*$C$8 -> 0.15367474 | L71: =L70*$C$8 -> 0.067818014 | M71: =M70*$C$8 -> 0.010999516
H72: IFR | I72: =1-(I71/$B$12) -> 0.99773517 | J72: =1-(J71/$B$12) -> 0.9984238 | K72: =1-(K71/$B$12) -> 0.99903953 | L72: =1-(L71/$B$12) -> 0.99957614 | M72: =1-(M71/$B$12) -> 0.99993125
